Commit made at Tue Jun 24 06:47:33 UTC 2025
Commit made at Fri Jun 27 06:33:47 UTC 2025
Commit made at Sun Jun 29 06:06:07 UTC 2025
Commit made at Sat Aug  9 05:06:52 UTC 2025
Commit made at Thu Aug 14 07:00:03 UTC 2025
Commit made at Tue Aug 19 04:06:32 UTC 2025
Commit made at Sat Aug 30 04:46:21 UTC 2025
Commit made at Wed Sep 17 02:28:12 UTC 2025
Commit made at Mon Sep 22 06:24:50 UTC 2025
Commit made at Wed Oct  1 01:51:37 UTC 2025
Commit made at Fri Oct 31 05:08:38 UTC 2025
Commit made at Sun Nov 30 07:51:33 UTC 2025
Commit made at Thu Dec 11 03:14:03 UTC 2025
Commit made at Fri Jan  9 02:16:33 UTC 2026
